name,m
 pranaesh,1234
name,m
 admin,0
name,m
 admin,1234
name,m
 aditya,1234
name,m
 pranaesh,1234
name,m
 admin,5321
name,m
 aditya,5321
name,m
 pranaesh,5321
name,m
 admin,0
name,m
 aditya,0
name,m
 pranaesh,0
name,m
 admin,1234
name,m
 admin,0
name,m
 aditya,0
name,m
 aditya,0
name,m
 admin,0
name,m
 admin,1234
name,m
 dfg, wsdfghjkl 
name,m
 admin,5311
name,m
 oknjhgf,74125
name,m
 Aditya,5213
name,m
 ashwin,1478
name,m
 asdcfgvh, asdfg 
name,m
 Admin,5321
name,m
admin,5321
name,m
admin,0
name,m
admin,0
